{
    "1": 1.0,
    "2": 33.121212121212125,
    "3": 14.383177570093459,
    "4": 0.9222222222222223,
    "5": 9.15,
    "CER medio": 9.38770053475936
}