{
    "1": 0.7906976744186046,
    "2": 0.9285714285714286,
    "3": 0.8301886792452831,
    "4": 1.0,
    "5": 1.3714285714285714,
    "6": 0.9012345679012346,
    "7": 2.8,
    "8": 3.4477611940298507,
    "9": 13.047619047619047,
    "CER medio": 2.510166358595194
}