{
    "1": 0.18604651162790697,
    "2": 16.071428571428573,
    "3": 3.660377358490566,
    "4": 3.19672131147541,
    "5": 0.4380952380952381,
    "6": 1.1111111111111112,
    "7": 0.28,
    "8": 2.417910447761194,
    "9": 7.285714285714286,
    "CER medio": 2.3049907578558226
}