{
    "1": 0.7076923076923077,
    "2": 1.9593495934959348,
    "3": 0.25,
    "4": 0.640625,
    "5": 17.25263157894737,
    "CER medio": 4.5821036106750395
}