{
    "1": 6.833333333333333,
    "2": 3.8048780487804876,
    "3": 3.0,
    "4": 0.2571428571428571,
    "5": 27.42105263157895,
    "6": 12.55,
    "7": 10.619047619047619,
    "8": 1.894736842105263,
    "CER medio": 5.262132060461416
}