{
    "1": 1.441860465116279,
    "2": 61.642857142857146,
    "3": 14.660377358490566,
    "4": 8.885245901639344,
    "5": 21.4,
    "6": 6.481481481481482,
    "7": 17.546666666666667,
    "8": 6.17910447761194,
    "9": 18.761904761904763,
    "CER medio": 13.926062846580407
}