{
    "1": 0.5813953488372093,
    "2": 88.92857142857143,
    "3": 12.150943396226415,
    "4": 15.131147540983607,
    "5": 22.466666666666665,
    "6": 4.888888888888889,
    "7": 3.7733333333333334,
    "8": 4.641791044776119,
    "9": 45.45238095238095,
    "CER medio": 14.963031423290204
}