{
    "1": 14.472222222222221,
    "2": 0.8292682926829268,
    "3": 4.025,
    "4": 0.42857142857142855,
    "5": 19.0,
    "6": 9.725,
    "7": 8.0,
    "8": 2.210526315789474,
    "CER medio": 4.943847785733227
}