{
    "1": 0.16666666666666666,
    "10": 1.0,
    "2": 1.0,
    "3": 1.0,
    "4": 1.0,
    "5": 1.0,
    "6": 1.0,
    "7": 0.0625,
    "C": 0.0,
    "C1": 0.36363636363636365,
    "C2": 0.22857142857142856,
    "C3": 0.8932038834951457,
    "C4": 0.417910447761194,
    "E1": 1.0,
    "E10": 1.0,
    "E11": 1.0,
    "E12": 1.0,
    "E13": 0.0,
    "E14": 1.0,
    "E15": 0.23076923076923078,
    "E2": 0.42857142857142855,
    "E3": 1.0,
    "E4": 1.0,
    "E5": 0.8932038834951457,
    "E6": 0.31343283582089554,
    "E7": 0.31343283582089554,
    "E8": 1.0,
    "F": 0.04,
    "Multi_Correct": 0.6774193548387096,
    "Multi_Fail": 0.037037037037037035,
    "CER medio": 0.6355451798828046
}