{
    "1": 1.4307692307692308,
    "2": 2.7804878048780486,
    "3": 11.0,
    "4": 1.28125,
    "5": 8.715789473684211,
    "CER medio": 3.962428048142334
}