{
    "1": 0.8611111111111112,
    "2": 1.6097560975609757,
    "3": 1.475,
    "4": 0.19047619047619047,
    "5": 1.9473684210526316,
    "6": 1.225,
    "7": 4.5,
    "8": 0.4,
    "CER medio": 1.1691195969238928
}