{
    "1": 0.75,
    "2": 3.65625,
    "3": 0.39285714285714285,
    "4": 0.7377049180327869,
    "5": 3.2857142857142856,
    "CER medio": 1.6220238095238095
}