{
    "1": 0.0,
    "10": 2.2857142857142856,
    "11": 0.325,
    "12": 0.9310344827586207,
    "13": 0.9616858237547893,
    "2": 0.40625,
    "3": 0.5384615384615384,
    "4": 0.9782608695652174,
    "5": 0.5390625,
    "6": 0.4,
    "7": 0.8333333333333334,
    "8": 0.9782608695652174,
    "9": 0.6046511627906976,
    "CER medio": 0.7524396050725923
}