{
    "1": 6.920634920634921,
    "2": 18.424242424242426,
    "3": 10.560747663551401,
    "4": 2.6777777777777776,
    "5": 3.5625,
    "CER medio": 7.237755708343944
}