{
    "1": 0.5833333333333334,
    "2": 1.0,
    "3": 4.9,
    "4": 0.7904761904761904,
    "5": 16.0,
    "6": 2.3,
    "7": 1.0,
    "8": 0.7052631578947368,
    "CER medio": 2.0204852824184565
}