{
    "1": 0.0,
    "10": 0.7857142857142857,
    "11": 0.05,
    "12": 0.3931034482758621,
    "13": 0.15708812260536398,
    "2": 0.0625,
    "3": 0.5384615384615384,
    "4": 0.043478260869565216,
    "5": 0.109375,
    "6": 0.375,
    "7": 0.5833333333333334,
    "8": 1.0217391304347827,
    "9": 0.7674418604651163,
    "CER medio": 0.3759411523199883
}