{
    "1": 0.8235294117647058,
    "2": 6.71875,
    "3": 1.4880952380952381,
    "4": 15.245901639344263,
    "5": 6.131868131868132,
    "CER medio": 5.607142857142857
}