{
    "1": 1.3923076923076922,
    "2": 1.0,
    "3": 1.0,
    "4": 0.75,
    "5": 0.8526315789473684,
    "CER medio": 1.04850863422292
}