{
    "1": 7.176470588235294,
    "2": 13.8125,
    "3": 9.130952380952381,
    "4": 73.77049180327869,
    "5": 13.175824175824175,
    "CER medio": 22.011904761904763
}