{
    "1": 4.142857142857143,
    "2": 39.96969696969697,
    "3": 41.93457943925234,
    "4": 4.0,
    "5": 7.4375,
    "CER medio": 18.786478227654698
}