{
    "1": 0.26153846153846155,
    "2": 0.5934959349593496,
    "3": 0.4642857142857143,
    "4": 0.28125,
    "5": 0.16842105263157894,
    "CER medio": 0.3497994069422641
}