{
    "1": 8.661764705882353,
    "2": 11.84375,
    "3": 4.5,
    "4": 37.0,
    "5": 4.516483516483516,
    "CER medio": 11.946428571428571
}