{
    "1": 0.0,
    "10": 8.285714285714286,
    "11": 2.55,
    "12": 0.8344827586206897,
    "13": 0.8812260536398467,
    "2": 0.40625,
    "3": 0.5384615384615384,
    "4": 0.9782608695652174,
    "5": 0.71875,
    "6": 0.7,
    "7": 1.4166666666666667,
    "8": 0.8695652173913043,
    "9": 0.7441860465116279,
    "CER medio": 1.4556587258900904
}