{
    "1": 0.873015873015873,
    "2": 11.757575757575758,
    "3": 6.878504672897196,
    "4": 0.4888888888888889,
    "5": 1.925,
    "CER medio": 3.6841524488583315
}